1025998,推荐
1072258,力荐
1122550,推荐
1139638,力荐
1262270,推荐
1285577,力荐
1303690,力荐
1372212,力荐
1377833,推荐
1388128,推荐
1413995,推荐
1513468,推荐
1569216,力荐
1599552,力荐
1657649,力荐
1775556,推荐
1960895,推荐
2020799,力荐
2030312,力荐
2211921,力荐
2315526,力荐
2324138,推荐
2775419,力荐
2924749,力荐
3042578,推荐
3143010,力荐
3147702,推荐
3197736,推荐
3248763,推荐
3257250,推荐
3264614,力荐
3292737,推荐
3340912,力荐
3401557,力荐
3430531,力荐
3484615,力荐
3520136,力荐
3570913,力荐
4545319,推荐
4555330,推荐
4596917,推荐
4890331,力荐
4899644,力荐
4926708,力荐
4940480,推荐
5057267,力荐
5116000,推荐
5124366,还行
5233610,还行
5233629,推荐
5233689,还行
5233691,推荐
5233722,推荐
5233810,力荐
5233829,力荐
5235221,还行
5235322,还行
5265583,力荐
5269658,力荐
5295725,力荐
5414558,力荐
5426853,力荐
5559916,力荐
5612523,力荐
5641083,力荐
5710386,推荐
5710419,还行
5819416,力荐
5887725,力荐
6145365,力荐
6168511,力荐
6648216,力荐
6655489,推荐
7103834,力荐
7223657,力荐
7224010,力荐
7224250,力荐
7310129,力荐
7405014,力荐
7495791,力荐
7569189,推荐
7629914,推荐
7631793,力荐
7638995,力荐
7719774,力荐
7899338,力荐
7939211,力荐
7973925,力荐
8154372,力荐
8184457,力荐
8319139,推荐
8536440,力荐
8558280,力荐
